Timestamp,C_Gaze,Env,C_Movement,
0.000000,tablet,alone,stationary,
0.041667,tablet,alone,stationary,
0.083333,tablet,alone,stationary,
0.125000,tablet,alone,stationary,
0.166667,tablet,alone,stationary,
0.208333,tablet,alone,stationary,
0.250000,tablet,alone,stationary,
0.291667,tablet,alone,stationary,
0.333333,tablet,alone,stationary,
0.375000,tablet,alone,stationary,
0.416667,tablet,alone,stationary,
0.458333,tablet,alone,stationary,
0.500000,tablet,alone,stationary,
0.541667,tablet,alone,stationary,
0.583333,tablet,alone,stationary,
0.625000,tablet,alone,stationary,
0.666667,tablet,alone,stationary,
0.708333,tablet,alone,stationary,
0.750000,tablet,alone,stationary,
0.791667,tablet,alone,stationary,
0.833333,tablet,alone,stationary,
0.875000,tablet,alone,stationary,
0.916667,tablet,alone,stationary,
0.958333,tablet,alone,stationary,
1.000000,tablet,alone,stationary,
1.041667,tablet,alone,stationary,
1.083333,tablet,alone,stationary,
1.125000,tablet,alone,stationary,
1.166667,tablet,alone,stationary,
1.208333,tablet,alone,stationary,
1.250000,tablet,alone,stationary,
1.291667,tablet,alone,stationary,
1.333333,tablet,alone,stationary,
1.375000,tablet,alone,stationary,
1.416667,tablet,alone,stationary,
1.458333,tablet,alone,stationary,
1.500000,tablet,alone,stationary,
1.541667,tablet,alone,stationary,
1.583333,tablet,alone,stationary,
1.625000,tablet,alone,stationary,
1.666667,tablet,alone,stationary,
1.708333,tablet,alone,stationary,
1.750000,tablet,alone,stationary,
1.791667,tablet,alone,stationary,
1.833333,tablet,alone,stationary,
1.875000,tablet,alone,stationary,
1.916667,tablet,alone,stationary,
1.958333,tablet,alone,stationary,
2.000000,tablet,alone,stationary,
2.041667,tablet,alone,stationary,
2.083333,tablet,alone,stationary,
2.125000,tablet,alone,stationary,
2.166667,tablet,alone,stationary,
2.208333,tablet,alone,stationary,
2.250000,tablet,alone,stationary,
2.291667,tablet,alone,stationary,
2.333333,tablet,alone,stationary,
2.375000,tablet,alone,stationary,
2.416667,tablet,alone,stationary,
2.458333,tablet,alone,stationary,
2.500000,tablet,alone,stationary,
2.541667,tablet,alone,stationary,
2.583333,tablet,alone,stationary,
2.625000,tablet,alone,stationary,
2.666667,tablet,alone,stationary,
2.708333,tablet,alone,stationary,
2.750000,tablet,alone,stationary,
2.791667,tablet,alone,stationary,
2.833333,tablet,alone,stationary,
2.875000,tablet,alone,stationary,
2.916667,tablet,alone,stationary,
2.958333,tablet,alone,stationary,
3.000000,tablet,alone,stationary,
3.041667,tablet,alone,stationary,
3.083333,tablet,alone,stationary,
3.125000,tablet,alone,stationary,
3.166667,tablet,alone,stationary,
3.208333,tablet,alone,stationary,
3.250000,tablet,alone,stationary,
3.291667,tablet,alone,stationary,
3.333333,tablet,alone,stationary,
3.375000,tablet,alone,stationary,
3.416667,tablet,alone,stationary,
3.458333,tablet,alone,stationary,
3.500000,tablet,alone,stationary,
3.541667,tablet,alone,stationary,
3.583333,tablet,alone,stationary,
3.625000,tablet,alone,stationary,
3.666667,tablet,alone,stationary,
3.708333,tablet,alone,stationary,
3.750000,tablet,alone,stationary,
3.791667,tablet,alone,stationary,
3.833333,tablet,alone,stationary,
3.875000,tablet,alone,stationary,
3.916667,tablet,alone,stationary,
3.958333,tablet,alone,stationary,
4.000000,tablet,alone,stationary,
4.041667,tablet,alone,stationary,
4.083333,tablet,alone,stationary,
4.125000,tablet,alone,stationary,
4.166667,tablet,alone,stationary,
4.208333,tablet,alone,stationary,
4.250000,tablet,alone,stationary,
4.291667,tablet,alone,stationary,
4.333333,tablet,alone,stationary,
4.375000,tablet,alone,stationary,
4.416667,tablet,alone,stationary,
4.458333,tablet,alone,stationary,
4.500000,tablet,alone,stationary,
4.541667,tablet,alone,stationary,
4.583333,tablet,alone,stationary,
4.625000,tablet,alone,stationary,
4.666667,tablet,alone,stationary,
4.708333,tablet,alone,stationary,
4.750000,tablet,alone,stationary,
4.791667,tablet,alone,stationary,
4.833333,tablet,alone,stationary,
4.875000,tablet,alone,stationary,
4.916667,tablet,alone,stationary,
4.958333,tablet,alone,stationary,
5.000000,tablet,alone,stationary,
5.041667,tablet,alone,stationary,
5.083333,tablet,alone,stationary,
5.125000,tablet,alone,stationary,
5.166667,tablet,alone,stationary,
5.208333,tablet,alone,stationary,
5.250000,tablet,alone,stationary,
5.291667,tablet,alone,stationary,
5.333333,tablet,alone,stationary,
5.375000,tablet,alone,stationary,
5.416667,tablet,alone,stationary,
5.458333,tablet,alone,stationary,
5.500000,tablet,alone,stationary,
5.541667,tablet,alone,stationary,
5.583333,tablet,alone,stationary,
5.625000,tablet,alone,stationary,
5.666667,tablet,alone,stationary,
5.708333,tablet,alone,stationary,
5.750000,tablet,alone,stationary,
5.791667,tablet,alone,stationary,
5.833333,tablet,alone,stationary,
5.875000,tablet,alone,stationary,
5.916667,tablet,alone,stationary,
5.958333,tablet,alone,stationary,
6.000000,tablet,alone,stationary,
6.041667,tablet,alone,stationary,
6.083333,tablet,alone,stationary,
6.125000,tablet,alone,stationary,
6.166667,tablet,alone,stationary,
6.208333,tablet,alone,stationary,
6.250000,tablet,alone,stationary,
6.291667,tablet,alone,stationary,
6.333333,tablet,alone,stationary,
6.375000,tablet,alone,stationary,
6.416667,tablet,alone,stationary,
6.458333,tablet,alone,stationary,
6.500000,tablet,alone,stationary,
6.541667,tablet,alone,stationary,
6.583333,tablet,alone,stationary,
6.625000,tablet,alone,stationary,
6.666667,tablet,alone,stationary,
6.708333,tablet,alone,stationary,
6.750000,tablet,alone,stationary,
6.791667,tablet,alone,stationary,
6.833333,tablet,alone,stationary,
6.875000,tablet,alone,stationary,
6.916667,tablet,alone,stationary,
6.958333,tablet,alone,stationary,
7.000000,tablet,alone,stationary,
7.041667,tablet,alone,stationary,
7.083333,tablet,alone,stationary,
7.125000,tablet,alone,stationary,
7.166667,tablet,alone,stationary,
7.208333,tablet,alone,stationary,
7.250000,tablet,alone,stationary,
7.291667,tablet,alone,stationary,
7.333333,tablet,alone,stationary,
7.375000,tablet,alone,stationary,
7.416667,tablet,alone,stationary,
7.458333,tablet,alone,stationary,
7.500000,tablet,alone,stationary,
7.541667,tablet,alone,stationary,
7.583333,tablet,alone,stationary,
7.625000,tablet,alone,stationary,
7.666667,tablet,alone,stationary,
7.708333,tablet,alone,stationary,
7.750000,tablet,alone,stationary,
7.791667,tablet,alone,stationary,
7.833333,tablet,alone,stationary,
7.875000,tablet,alone,stationary,
7.916667,tablet,alone,stationary,
7.958333,tablet,alone,stationary,
8.000000,tablet,alone,stationary,
8.041667,tablet,alone,stationary,
8.083333,tablet,alone,stationary,
8.125000,tablet,alone,stationary,
8.166667,tablet,alone,stationary,
8.208333,tablet,alone,stationary,
8.250000,tablet,alone,stationary,
8.291667,tablet,alone,stationary,
8.333333,tablet,alone,stationary,
8.375000,tablet,alone,stationary,
8.416667,tablet,alone,stationary,
8.458333,tablet,alone,stationary,
8.500000,tablet,alone,stationary,
8.541667,tablet,alone,stationary,
8.583333,tablet,alone,stationary,
8.625000,tablet,alone,stationary,
8.666667,tablet,alone,stationary,
8.708333,tablet,alone,stationary,
8.750000,tablet,alone,stationary,
8.791667,tablet,alone,stationary,
8.833333,tablet,alone,stationary,
8.875000,tablet,alone,stationary,
8.916667,tablet,alone,stationary,
8.958333,tablet,alone,stationary,
9.000000,tablet,alone,stationary,
9.041667,tablet,alone,stationary,
9.083333,tablet,alone,stationary,
9.125000,tablet,alone,stationary,
9.166667,tablet,alone,stationary,
9.208333,tablet,alone,stationary,
9.250000,tablet,alone,stationary,
9.291667,tablet,alone,stationary,
9.333333,tablet,alone,stationary,
9.375000,tablet,alone,stationary,
9.416667,tablet,alone,stationary,
9.458333,tablet,alone,stationary,
9.500000,tablet,alone,stationary,
9.541667,tablet,alone,stationary,
9.583333,tablet,alone,stationary,
9.625000,tablet,alone,stationary,
9.666667,tablet,alone,stationary,
9.708333,tablet,alone,stationary,
9.750000,tablet,alone,stationary,
9.791667,tablet,alone,stationary,
9.833333,tablet,alone,stationary,
9.875000,tablet,alone,stationary,
9.916667,tablet,alone,stationary,
9.958333,tablet,alone,stationary,
10.000000,tablet,alone,stationary,
10.041667,tablet,alone,stationary,
10.083333,tablet,alone,stationary,
10.125000,tablet,alone,stationary,
10.166667,tablet,alone,stationary,
10.208333,tablet,alone,stationary,
10.250000,tablet,alone,stationary,
10.291667,tablet,alone,stationary,
10.333333,tablet,alone,stationary,
10.375000,tablet,alone,stationary,
10.416667,tablet,alone,stationary,
10.458333,tablet,alone,stationary,
10.500000,tablet,alone,stationary,
10.541667,tablet,alone,stationary,
10.583333,tablet,alone,stationary,
10.625000,tablet,alone,stationary,
10.666667,tablet,alone,stationary,
10.708333,tablet,alone,stationary,
10.750000,tablet,alone,stationary,
10.791667,tablet,alone,stationary,
10.833333,robot,alone,stationary,
10.875000,robot,alone,stationary,
10.916667,robot,alone,stationary,
10.958333,robot,alone,stationary,
11.000000,robot,alone,stationary,
11.041667,robot,alone,stationary,
11.083333,robot,alone,stationary,
11.125000,robot,alone,stationary,
11.166667,robot,alone,stationary,
11.208333,robot,alone,stationary,
11.250000,robot,alone,stationary,
11.291667,robot,alone,stationary,
11.333333,robot,alone,stationary,
11.375000,robot,alone,stationary,
11.416667,robot,alone,stationary,
11.458333,robot,alone,stationary,
11.500000,robot,alone,stationary,
11.541667,robot,alone,stationary,
11.583333,robot,alone,stationary,
11.625000,robot,alone,stationary,
11.666667,robot,alone,stationary,
11.708333,robot,alone,stationary,
11.750000,robot,alone,stationary,
11.791667,robot,alone,stationary,
11.833333,robot,alone,stationary,
11.875000,robot,alone,stationary,
11.916667,robot,alone,stationary,
11.958333,robot,alone,stationary,
12.000000,robot,alone,stationary,
12.041667,robot,alone,stationary,
12.083333,robot,alone,stationary,
12.125000,robot,alone,stationary,
12.166667,robot,alone,stationary,
12.208333,robot,alone,stationary,
12.250000,robot,alone,stationary,
12.291667,robot,alone,stationary,
12.333333,robot,alone,stationary,
12.375000,robot,alone,stationary,
12.416667,robot,alone,stationary,
12.458333,robot,alone,stationary,
12.500000,robot,alone,stationary,
12.541667,robot,alone,stationary,
12.583333,robot,alone,stationary,
12.625000,robot,alone,stationary,
12.666667,robot,alone,stationary,
12.708333,robot,alone,stationary,
12.750000,robot,alone,stationary,
12.791667,robot,alone,stationary,
12.833333,tablet,alone,stationary,
12.875000,tablet,alone,stationary,
12.916667,tablet,alone,stationary,
12.958333,tablet,alone,stationary,
13.000000,tablet,alone,stationary,
13.041667,tablet,alone,stationary,
13.083333,tablet,alone,stationary,
13.125000,tablet,alone,stationary,
13.166667,tablet,alone,stationary,
13.208333,tablet,alone,stationary,
13.250000,tablet,alone,stationary,
13.291667,tablet,alone,stationary,
13.333333,tablet,alone,stationary,
13.375000,tablet,alone,stationary,
13.416667,tablet,alone,stationary,
13.458333,tablet,alone,stationary,
13.500000,tablet,alone,stationary,
13.541667,tablet,alone,stationary,
13.583333,tablet,alone,stationary,
13.625000,tablet,alone,stationary,
13.666667,tablet,alone,stationary,
13.708333,tablet,alone,stationary,
13.750000,tablet,alone,stationary,
13.791667,tablet,alone,stationary,
13.833333,tablet,alone,stationary,
13.875000,tablet,alone,stationary,
13.916667,tablet,alone,stationary,
13.958333,tablet,alone,stationary,
14.000000,tablet,alone,stationary,
14.041667,tablet,alone,stationary,
14.083333,tablet,alone,stationary,
14.125000,tablet,alone,stationary,
14.166667,tablet,alone,stationary,
14.208333,tablet,alone,stationary,
14.250000,tablet,alone,stationary,
14.291667,tablet,alone,stationary,
14.333333,tablet,alone,stationary,
14.375000,tablet,alone,stationary,
14.416667,tablet,alone,stationary,
14.458333,tablet,alone,stationary,
14.500000,tablet,alone,stationary,
14.541667,tablet,alone,stationary,
14.583333,tablet,alone,stationary,
14.625000,tablet,alone,stationary,
14.666667,tablet,alone,stationary,
14.708333,tablet,alone,stationary,
14.750000,tablet,alone,stationary,
14.791667,tablet,alone,stationary,
14.833333,tablet,alone,stationary,
14.875000,tablet,alone,stationary,
14.916667,tablet,alone,stationary,
14.958333,tablet,alone,stationary,
15.000000,tablet,alone,stationary,
15.041667,tablet,alone,stationary,
15.083333,tablet,alone,stationary,
15.125000,tablet,alone,stationary,
15.166667,tablet,alone,stationary,
15.208333,tablet,alone,stationary,
15.250000,tablet,alone,stationary,
15.291667,tablet,alone,stationary,
15.333333,tablet,alone,stationary,
15.375000,tablet,alone,stationary,
15.416667,tablet,alone,stationary,
15.458333,tablet,alone,stationary,
15.500000,tablet,alone,stationary,
15.541667,tablet,alone,stationary,
15.583333,tablet,alone,stationary,
15.625000,tablet,alone,stationary,
15.666667,tablet,alone,stationary,
15.708333,tablet,alone,stationary,
15.750000,tablet,alone,stationary,
15.791667,tablet,alone,stationary,
15.833333,tablet,alone,stationary,
15.875000,tablet,alone,stationary,
15.916667,tablet,alone,stationary,
15.958333,tablet,alone,stationary,
16.000000,tablet,alone,stationary,
16.041667,tablet,alone,stationary,
16.083333,tablet,alone,stationary,
16.125000,tablet,alone,stationary,
16.166667,tablet,alone,stationary,
16.208333,tablet,alone,stationary,
16.250000,tablet,alone,stationary,
16.291667,tablet,alone,stationary,
16.333333,tablet,alone,stationary,
16.375000,tablet,alone,stationary,
16.416667,tablet,alone,stationary,
16.458333,tablet,alone,stationary,
16.500000,tablet,alone,stationary,
16.541667,tablet,alone,stationary,
16.583333,tablet,alone,stationary,
16.625000,tablet,alone,stationary,
16.666667,tablet,alone,stationary,
16.708333,tablet,alone,stationary,
16.750000,tablet,alone,stationary,
16.791667,tablet,alone,stationary,
16.833333,tablet,alone,stationary,
16.875000,tablet,alone,stationary,
16.916667,tablet,alone,stationary,
16.958333,tablet,alone,stationary,
17.000000,tablet,alone,stationary,
17.041667,tablet,alone,stationary,
17.083333,tablet,alone,stationary,
17.125000,tablet,alone,stationary,
17.166667,tablet,alone,stationary,
17.208333,tablet,alone,stationary,
17.250000,tablet,alone,stationary,
17.291667,tablet,alone,stationary,
17.333333,tablet,alone,stationary,
17.375000,tablet,alone,stationary,
17.416667,tablet,alone,stationary,
17.458333,tablet,alone,stationary,
17.500000,tablet,alone,stationary,
17.541667,tablet,alone,stationary,
17.583333,tablet,alone,stationary,
17.625000,tablet,alone,stationary,
17.666667,tablet,alone,stationary,
17.708333,tablet,alone,stationary,
17.750000,tablet,alone,stationary,
17.791667,tablet,alone,stationary,
17.833333,tablet,alone,stationary,
17.875000,tablet,alone,stationary,
17.916667,tablet,alone,stationary,
17.958333,tablet,alone,stationary,
18.000000,tablet,alone,stationary,
18.041667,tablet,alone,stationary,
18.083333,tablet,alone,stationary,
18.125000,tablet,alone,stationary,
18.166667,tablet,alone,stationary,
18.208333,tablet,alone,stationary,
18.250000,tablet,alone,stationary,
18.291667,tablet,alone,stationary,
18.333333,tablet,alone,stationary,
18.375000,tablet,alone,stationary,
18.416667,tablet,alone,stationary,
18.458333,tablet,alone,stationary,
18.500000,tablet,alone,stationary,
18.541667,tablet,alone,stationary,
18.583333,tablet,alone,stationary,
18.625000,tablet,alone,stationary,
18.666667,tablet,alone,stationary,
18.708333,tablet,alone,stationary,
18.750000,tablet,alone,stationary,
18.791667,tablet,alone,stationary,
18.833333,tablet,alone,stationary,
18.875000,tablet,alone,stationary,
18.916667,tablet,alone,stationary,
18.958333,tablet,alone,stationary,
19.000000,tablet,alone,stationary,
19.041667,tablet,alone,stationary,
19.083333,tablet,alone,stationary,
19.125000,tablet,alone,stationary,
19.166667,tablet,alone,stationary,
19.208333,tablet,alone,stationary,
19.250000,tablet,alone,stationary,
19.291667,tablet,alone,stationary,
19.333333,tablet,alone,stationary,
19.375000,tablet,alone,stationary,
19.416667,tablet,alone,stationary,
19.458333,tablet,alone,stationary,
19.500000,tablet,alone,stationary,
19.541667,tablet,alone,stationary,
19.583333,tablet,alone,stationary,
19.625000,tablet,alone,stationary,
19.666667,tablet,alone,stationary,
19.708333,tablet,alone,stationary,
19.750000,tablet,alone,stationary,
19.791667,tablet,alone,stationary,
19.833333,tablet,alone,stationary,
19.875000,tablet,alone,stationary,
19.916667,tablet,alone,stationary,
19.958333,tablet,alone,stationary,
20.000000,tablet,alone,stationary,
20.041667,tablet,alone,stationary,
20.083333,tablet,alone,stationary,
20.125000,tablet,alone,stationary,
20.166667,tablet,alone,stationary,
20.208333,tablet,alone,stationary,
20.250000,tablet,alone,stationary,
20.291667,tablet,alone,stationary,
20.333333,tablet,alone,stationary,
20.375000,tablet,alone,stationary,
20.416667,tablet,alone,stationary,
20.458333,tablet,alone,stationary,
20.500000,tablet,alone,stationary,
20.541667,tablet,alone,stationary,
20.583333,tablet,alone,stationary,
20.625000,tablet,alone,stationary,
20.666667,tablet,alone,stationary,
20.708333,tablet,alone,stationary,
20.750000,tablet,alone,stationary,
20.791667,tablet,alone,stationary,
20.833333,tablet,alone,stationary,
20.875000,tablet,alone,stationary,
20.916667,tablet,alone,stationary,
20.958333,tablet,alone,stationary,
21.000000,tablet,alone,stationary,
21.041667,tablet,alone,stationary,
21.083333,tablet,alone,stationary,
21.125000,tablet,alone,stationary,
21.166667,tablet,alone,stationary,
21.208333,tablet,alone,stationary,
21.250000,tablet,alone,stationary,
21.291667,tablet,alone,stationary,
21.333333,tablet,alone,stationary,
21.375000,tablet,alone,stationary,
21.416667,tablet,alone,stationary,
21.458333,tablet,alone,stationary,
21.500000,tablet,alone,stationary,
21.541667,tablet,alone,stationary,
21.583333,tablet,alone,stationary,
21.625000,tablet,alone,stationary,
21.666667,tablet,alone,stationary,
21.708333,tablet,alone,stationary,
21.750000,tablet,alone,stationary,
21.791667,tablet,alone,stationary,
21.833333,tablet,alone,stationary,
21.875000,tablet,alone,stationary,
21.916667,tablet,alone,stationary,
21.958333,tablet,alone,stationary,
22.000000,tablet,alone,stationary,
22.041667,tablet,alone,stationary,
22.083333,tablet,alone,stationary,
22.125000,tablet,alone,stationary,
22.166667,tablet,alone,stationary,
22.208333,tablet,alone,stationary,
22.250000,tablet,alone,stationary,
22.291667,tablet,alone,stationary,
22.333333,tablet,alone,stationary,
22.375000,tablet,alone,stationary,
22.416667,tablet,alone,stationary,
22.458333,tablet,alone,stationary,
22.500000,tablet,alone,stationary,
22.541667,tablet,alone,stationary,
22.583333,tablet,alone,stationary,
22.625000,tablet,alone,stationary,
22.666667,tablet,alone,stationary,
22.708333,tablet,alone,stationary,
22.750000,tablet,alone,stationary,
22.791667,tablet,alone,stationary,
22.833333,tablet,alone,stationary,
22.875000,tablet,alone,stationary,
22.916667,tablet,alone,stationary,
22.958333,tablet,alone,stationary,
23.000000,tablet,alone,stationary,
23.041667,tablet,alone,stationary,
23.083333,tablet,alone,stationary,
23.125000,tablet,alone,stationary,
23.166667,tablet,alone,stationary,
23.208333,tablet,alone,stationary,
23.250000,tablet,alone,stationary,
23.291667,tablet,alone,stationary,
23.333333,tablet,alone,stationary,
23.375000,tablet,alone,stationary,
23.416667,tablet,alone,stationary,
23.458333,tablet,alone,stationary,
23.500000,tablet,alone,stationary,
23.541667,tablet,alone,stationary,
23.583333,tablet,alone,stationary,
23.625000,tablet,alone,stationary,
23.666667,tablet,alone,stationary,
23.708333,tablet,alone,stationary,
23.750000,tablet,alone,stationary,
23.791667,tablet,alone,stationary,
23.833333,tablet,alone,stationary,
23.875000,tablet,alone,stationary,
23.916667,tablet,alone,stationary,
23.958333,tablet,alone,stationary,
24.000000,tablet,alone,stationary,
24.041667,tablet,alone,stationary,
24.083333,tablet,alone,active,
24.125000,away,alone,active,
24.166667,away,alone,active,
24.208333,away,alone,active,
24.250000,away,alone,active,
24.291667,away,alone,active,
24.333333,away,alone,active,
24.375000,away,alone,active,
24.416667,away,alone,active,
24.458333,away,alone,active,
24.500000,away,alone,active,
24.541667,away,alone,active,
24.583333,away,alone,active,
24.625000,away,alone,active,
24.666667,away,alone,active,
24.708333,away,alone,active,
24.750000,away,alone,active,
24.791667,away,alone,active,
24.833333,away,alone,active,
24.875000,away,alone,active,
24.916667,away,alone,active,
24.958333,away,alone,active,
25.000000,away,alone,active,
25.041667,away,alone,active,
25.083333,away,alone,active,
25.125000,away,alone,active,
25.166667,away,alone,active,
25.208333,away,alone,active,
25.250000,away,alone,active,
25.291667,away,alone,active,
25.333333,away,alone,active,
25.375000,away,alone,active,
25.416667,away,alone,active,
25.458333,away,alone,active,
25.500000,away,alone,active,
25.541667,away,alone,active,
25.583333,away,alone,active,
25.625000,away,alone,active,
25.666667,away,alone,active,
25.708333,away,alone,active,
25.750000,away,alone,active,
25.791667,away,alone,active,
25.833333,away,alone,active,
25.875000,away,alone,active,
25.916667,away,alone,active,
25.958333,away,alone,active,
26.000000,away,alone,active,
26.041667,away,alone,active,
26.083333,away,alone,active,
26.125000,away,alone,active,
26.166667,away,alone,active,
26.208333,away,alone,active,
26.250000,away,alone,active,
26.291667,away,alone,active,
26.333333,away,alone,active,
26.375000,away,alone,active,
26.416667,away,alone,active,
26.458333,away,alone,active,
26.500000,away,alone,active,
26.541667,away,alone,active,
26.583333,away,alone,active,
26.625000,away,alone,active,
26.666667,away,alone,active,
26.708333,away,alone,active,
26.750000,away,alone,active,
26.791667,away,alone,active,
26.833333,away,alone,active,
26.875000,away,alone,active,
26.916667,away,alone,active,
26.958333,away,alone,active,
27.000000,away,alone,active,
27.041667,away,alone,active,
27.083333,away,alone,active,
27.125000,away,alone,active,
27.166667,away,alone,active,
27.208333,away,alone,active,
27.250000,away,alone,active,
27.291667,away,alone,active,
27.333333,away,alone,active,
27.375000,away,alone,active,
27.416667,away,alone,active,
27.458333,away,alone,active,
27.500000,away,alone,active,
27.541667,away,alone,active,
27.583333,away,alone,active,
27.625000,away,alone,active,
27.666667,away,alone,active,
27.708333,away,alone,active,
27.750000,away,alone,active,
27.791667,away,alone,active,
27.833333,away,alone,active,
27.875000,away,alone,active,
27.916667,away,alone,active,
27.958333,away,alone,active,
28.000000,away,alone,active,
28.041667,away,alone,active,
28.083333,away,alone,active,
28.125000,away,alone,active,
28.166667,away,alone,active,
28.208333,away,alone,active,
28.250000,away,alone,active,
28.291667,away,alone,active,
28.333333,away,alone,active,
28.375000,away,alone,active,
28.416667,away,alone,active,
28.458333,away,alone,active,
28.500000,away,alone,active,
28.541667,away,alone,active,
28.583333,away,alone,active,
28.625000,away,alone,active,
28.666667,away,alone,active,
28.708333,away,alone,active,
28.750000,away,alone,active,
28.791667,away,alone,active,
28.833333,away,alone,active,
28.875000,away,alone,active,
28.916667,away,alone,active,
28.958333,away,alone,active,
29.000000,away,alone,active,
29.041667,away,alone,active,
29.083333,away,alone,active,
29.125000,away,alone,active,
29.166667,away,alone,active,
29.208333,away,alone,active,
29.250000,away,alone,active,
29.291667,away,alone,active,
29.333333,away,alone,active,
29.375000,away,alone,active,
29.416667,away,alone,active,
29.458333,away,alone,active,
29.500000,away,alone,active,
29.541667,away,alone,active,
29.583333,away,alone,active,
29.625000,away,alone,active,
29.666667,away,alone,active,
29.708333,away,alone,active,
29.750000,away,alone,active,
29.791667,away,alone,active,
29.833333,away,alone,active,
29.875000,away,alone,active,
29.916667,away,people,active,
29.958333,away,people,active,
30.000000,away,people,active,
30.041667,away,people,active,
30.083333,away,people,active,
30.125000,away,people,active,
30.166667,away,people,active,
30.208333,away,people,active,
30.250000,away,people,active,
30.291667,away,people,active,
30.333333,away,people,active,
30.375000,away,people,active,
30.416667,away,people,active,
30.458333,away,people,active,
30.500000,away,people,active,
30.541667,away,people,away,
30.583333,away,people,away,
30.625000,away,people,away,
30.666667,away,people,away,
30.708333,away,people,away,
30.750000,away,people,away,
30.791667,away,people,away,
30.833333,away,people,away,
30.875000,away,people,away,
30.916667,away,people,away,
30.958333,away,people,away,
31.000000,away,people,away,
31.041667,away,people,away,
31.083333,away,people,away,
31.125000,away,people,away,
31.166667,away,people,away,
31.208333,away,people,away,
31.250000,away,people,away,
31.291667,away,people,away,
31.333333,away,people,away,
31.375000,away,people,away,
31.416667,away,people,away,
31.458333,away,people,away,
31.500000,away,people,away,
31.541667,away,people,away,
31.583333,away,people,away,
31.625000,away,people,away,
31.666667,away,people,away,
31.708333,away,people,away,
31.750000,away,people,away,
31.791667,away,people,away,
31.833333,away,people,away,
31.875000,away,people,away,
31.916667,away,people,away,
31.958333,away,people,away,
32.000000,away,people,away,
32.041667,away,people,away,
32.083333,away,people,away,
32.125000,away,people,away,
32.166667,away,people,away,
32.208333,away,people,away,
32.250000,away,people,away,
32.291667,away,people,away,
32.333333,away,people,away,
32.375000,away,people,away,
32.416667,away,people,away,
32.458333,away,people,away,
32.500000,away,people,away,
32.541667,away,people,away,
32.583333,away,people,away,
32.625000,away,people,away,
32.666667,away,people,away,
32.708333,away,people,away,
32.750000,away,people,away,
32.791667,away,people,away,
32.833333,away,people,away,
32.875000,away,people,away,
32.916667,away,people,away,
32.958333,away,people,away,
33.000000,away,people,away,
33.041667,away,people,away,
33.083333,away,people,away,
33.125000,away,people,away,
33.166667,away,people,away,
33.208333,away,people,away,
33.250000,away,people,away,
33.291667,away,people,away,
33.333333,away,people,away,
33.375000,away,people,away,
33.416667,away,people,away,
33.458333,away,people,away,
33.500000,away,people,away,
33.541667,away,people,away,
33.583333,away,people,away,
33.625000,away,people,away,
33.666667,away,people,away,
33.708333,away,people,away,
33.750000,away,people,away,
33.791667,away,people,away,
33.833333,away,people,away,
33.875000,away,people,away,
33.916667,away,people,away,
33.958333,away,people,away,
34.000000,away,people,away,
34.041667,away,people,away,
34.083333,away,people,away,
34.125000,away,people,away,
34.166667,away,people,away,
34.208333,away,people,away,
34.250000,away,people,away,
34.291667,away,people,away,
34.333333,away,people,away,
34.375000,away,people,away,
34.416667,away,people,away,
34.458333,away,people,away,
34.500000,away,people,away,
34.541667,away,people,away,
34.583333,away,people,away,
34.625000,away,people,away,
34.666667,away,people,away,
34.708333,away,people,away,
34.750000,away,people,away,
34.791667,away,people,away,
34.833333,away,people,away,
34.875000,away,people,away,
34.916667,away,people,away,
34.958333,away,people,away,
35.000000,away,people,away,
35.041667,away,people,away,
35.083333,away,people,away,
35.125000,away,people,away,
35.166667,away,people,away,
35.208333,away,people,away,
35.250000,away,people,away,
35.291667,away,people,away,
35.333333,away,people,away,
35.375000,away,people,away,
35.416667,away,people,away,
35.458333,away,people,away,
35.500000,away,people,away,
35.541667,away,people,away,
35.583333,away,people,away,
35.625000,away,people,away,
35.666667,away,people,active,
35.708333,away,people,active,
35.750000,away,people,active,
35.791667,away,people,active,
35.833333,away,people,active,
35.875000,away,people,active,
35.916667,away,people,active,
35.958333,away,people,active,
36.000000,away,people,active,
36.041667,away,people,active,
36.083333,away,people,active,
36.125000,away,people,active,
36.166667,away,people,active,
36.208333,away,people,active,
36.250000,away,people,active,
36.291667,away,people,active,
36.333333,away,people,active,
36.375000,away,people,active,
36.416667,away,people,active,
36.458333,away,people,active,
36.500000,away,people,active,
36.541667,away,people,active,
36.583333,away,people,active,
36.625000,away,people,active,
36.666667,away,people,active,
36.708333,away,people,active,
36.750000,away,people,active,
36.791667,away,people,active,
36.833333,away,people,active,
36.875000,away,people,active,
36.916667,away,people,active,
36.958333,away,people,active,
37.000000,away,people,active,
37.041667,away,people,active,
37.083333,away,people,active,
37.125000,away,people,active,
37.166667,away,people,active,
37.208333,away,people,active,
37.250000,away,people,active,
37.291667,away,people,active,
37.333333,away,people,active,
37.375000,away,people,active,
37.416667,away,people,active,
37.458333,away,people,active,
37.500000,away,people,active,
37.541667,away,people,active,
37.583333,away,people,active,
37.625000,away,people,active,
37.666667,away,people,active,
37.708333,away,people,active,
37.750000,away,people,active,
37.791667,away,people,active,
37.833333,away,people,active,
37.875000,away,people,active,
37.916667,away,people,active,
37.958333,away,people,active,
38.000000,away,people,active,
38.041667,away,people,active,
38.083333,away,people,active,
38.125000,away,people,active,
38.166667,away,people,active,
38.208333,away,people,active,
38.250000,away,people,active,
38.291667,away,people,active,
38.333333,away,people,active,
38.375000,away,people,active,
38.416667,away,people,active,
38.458333,away,people,active,
38.500000,away,people,active,
38.541667,away,people,active,
38.583333,away,people,active,
38.625000,away,people,active,
38.666667,away,people,active,
38.708333,away,people,active,
38.750000,away,people,active,
38.791667,away,people,active,
38.833333,away,people,active,
38.875000,away,people,active,
38.916667,away,people,active,
38.958333,away,people,active,
39.000000,away,people,active,
39.041667,away,people,active,
39.083333,away,people,active,
39.125000,away,people,active,
39.166667,away,people,active,
39.208333,away,people,active,
39.250000,away,people,active,
39.291667,away,people,active,
39.333333,away,people,active,
39.375000,away,people,active,
39.416667,away,people,active,
39.458333,away,people,active,
39.500000,away,people,active,
39.541667,away,people,active,
39.583333,away,people,active,
39.625000,away,people,active,
39.666667,away,people,active,
39.708333,away,people,active,
39.750000,away,people,active,
39.791667,away,people,active,
39.833333,away,people,active,
39.875000,away,people,active,
39.916667,away,people,active,
39.958333,away,people,active,
40.000000,away,people,active,
40.041667,away,people,active,
40.083333,away,people,active,
40.125000,away,people,active,
40.166667,away,people,active,
40.208333,away,people,active,
40.250000,away,people,active,
40.291667,away,people,active,
40.333333,away,people,active,
40.375000,away,people,active,
40.416667,away,people,active,
40.458333,away,people,active,
40.500000,away,people,active,
40.541667,away,people,active,
40.583333,away,people,active,
40.625000,away,people,active,
40.666667,away,people,active,
40.708333,away,people,active,
40.750000,away,people,active,
40.791667,away,people,active,
40.833333,away,people,active,
40.875000,away,people,active,
40.916667,away,people,active,
40.958333,away,people,active,
41.000000,away,people,active,
41.041667,away,people,active,
41.083333,away,people,active,
41.125000,away,people,active,
41.166667,away,people,active,
41.208333,away,people,active,
41.250000,away,people,active,
41.291667,away,people,active,
41.333333,away,people,active,
41.375000,away,people,active,
41.416667,away,people,active,
41.458333,away,people,active,
41.500000,away,people,active,
41.541667,away,people,active,
41.583333,away,people,active,
41.625000,away,people,active,
41.666667,away,people,active,
41.708333,away,people,active,
41.750000,away,people,active,
41.791667,away,people,active,
41.833333,away,people,active,
41.875000,away,people,active,
41.916667,away,people,active,
41.958333,away,people,active,
42.000000,away,people,active,
42.041667,away,people,active,
42.083333,away,people,active,
42.125000,away,people,active,
42.166667,away,people,active,
42.208333,away,people,active,
42.250000,away,people,active,
42.291667,away,people,active,
42.333333,away,people,active,
42.375000,away,people,active,
42.416667,away,people,active,
42.458333,away,people,active,
42.500000,away,people,active,
42.541667,away,people,active,
42.583333,away,people,active,
42.625000,away,people,active,
42.666667,away,people,active,
42.708333,away,people,active,
42.750000,away,people,active,
42.791667,away,people,active,
42.833333,away,people,active,
42.875000,away,people,active,
42.916667,away,people,active,
42.958333,away,people,active,
43.000000,away,people,active,
43.041667,away,people,active,
43.083333,away,people,active,
43.125000,away,people,active,
43.166667,away,people,active,
43.208333,away,people,active,
43.250000,away,people,active,
43.291667,away,people,active,
43.333333,away,people,active,
43.375000,away,people,active,
43.416667,away,people,active,
43.458333,away,people,active,
43.500000,away,people,active,
43.541667,away,people,active,
43.583333,away,people,active,
43.625000,away,people,active,
43.666667,away,people,active,
43.708333,away,people,active,
43.750000,away,people,active,
43.791667,away,people,active,
43.833333,away,people,active,
43.875000,away,people,active,
43.916667,away,people,active,
43.958333,away,people,active,
44.000000,away,people,active,
44.041667,away,people,active,
44.083333,away,people,active,
44.125000,away,people,active,
44.166667,away,people,active,
44.208333,away,people,active,
44.250000,away,people,active,
44.291667,away,people,hyperactive,
44.333333,away,people,hyperactive,
44.375000,away,people,hyperactive,
44.416667,away,people,hyperactive,
44.458333,away,people,hyperactive,
44.500000,away,people,hyperactive,
44.541667,away,people,hyperactive,
44.583333,away,people,hyperactive,
44.625000,away,people,hyperactive,
44.666667,away,people,hyperactive,
44.708333,away,people,hyperactive,
44.750000,away,people,hyperactive,
44.791667,away,people,hyperactive,
44.833333,away,people,hyperactive,
44.875000,away,people,hyperactive,
44.916667,away,people,hyperactive,
44.958333,away,people,hyperactive,
45.000000,away,people,hyperactive,
45.041667,away,people,hyperactive,
45.083333,away,people,hyperactive,
45.125000,away,people,hyperactive,
45.166667,away,people,hyperactive,
45.208333,away,people,hyperactive,
45.250000,away,people,hyperactive,
45.291667,away,people,hyperactive,
45.333333,away,people,hyperactive,
45.375000,away,people,hyperactive,
45.416667,away,people,hyperactive,
45.458333,away,people,hyperactive,
45.500000,away,people,hyperactive,
45.541667,away,people,hyperactive,
45.583333,away,people,hyperactive,
45.625000,away,people,hyperactive,
45.666667,away,people,hyperactive,
45.708333,away,people,hyperactive,
45.750000,away,people,hyperactive,
45.791667,away,people,hyperactive,
45.833333,away,people,hyperactive,
45.875000,away,people,hyperactive,
45.916667,away,people,hyperactive,
45.958333,away,people,hyperactive,
46.000000,away,people,hyperactive,
46.041667,away,people,hyperactive,
46.083333,away,people,hyperactive,
46.125000,away,people,hyperactive,
46.166667,away,people,hyperactive,
46.208333,away,people,hyperactive,
46.250000,away,people,hyperactive,
46.291667,away,people,hyperactive,
46.333333,away,people,hyperactive,
46.375000,away,people,hyperactive,
46.416667,away,people,hyperactive,
46.458333,away,people,hyperactive,
46.500000,away,people,hyperactive,
46.541667,away,people,hyperactive,
46.583333,away,people,hyperactive,
46.625000,away,people,hyperactive,
46.666667,away,people,hyperactive,
46.708333,away,people,hyperactive,
46.750000,away,people,hyperactive,
46.791667,away,people,hyperactive,
46.833333,away,people,hyperactive,
46.875000,away,people,hyperactive,
46.916667,away,people,hyperactive,
46.958333,away,people,hyperactive,
47.000000,away,people,hyperactive,
47.041667,away,people,hyperactive,
47.083333,away,people,hyperactive,
47.125000,away,people,hyperactive,
47.166667,away,people,hyperactive,
47.208333,away,people,hyperactive,
47.250000,away,people,hyperactive,
47.291667,away,people,hyperactive,
47.333333,away,people,hyperactive,
47.375000,away,people,hyperactive,
47.416667,away,people,hyperactive,
47.458333,away,people,hyperactive,
47.500000,away,people,hyperactive,
47.541667,away,people,hyperactive,
47.583333,away,people,hyperactive,
47.625000,away,people,hyperactive,
47.666667,away,people,hyperactive,
47.708333,away,people,hyperactive,
47.750000,away,people,hyperactive,
47.791667,away,people,hyperactive,
47.833333,away,people,hyperactive,
47.875000,away,people,hyperactive,
47.916667,away,people,hyperactive,
47.958333,away,people,hyperactive,
48.000000,away,people,hyperactive,
48.041667,away,people,hyperactive,
48.083333,away,people,hyperactive,
48.125000,away,people,hyperactive,
48.166667,away,people,hyperactive,
48.208333,away,people,hyperactive,
48.250000,away,people,hyperactive,
48.291667,away,people,hyperactive,
48.333333,away,people,hyperactive,
48.375000,away,people,hyperactive,
48.416667,away,people,hyperactive,
48.458333,away,people,hyperactive,
48.500000,away,people,hyperactive,
48.541667,away,people,hyperactive,
48.583333,away,people,hyperactive,
48.625000,away,people,hyperactive,
48.666667,away,people,hyperactive,
48.708333,away,people,hyperactive,
48.750000,away,people,hyperactive,
48.791667,away,people,hyperactive,
48.833333,away,people,hyperactive,
48.875000,away,people,hyperactive,
48.916667,away,people,hyperactive,
48.958333,away,people,hyperactive,
49.000000,away,people,hyperactive,
49.041667,away,people,hyperactive,
49.083333,away,people,hyperactive,
49.125000,away,people,hyperactive,
49.166667,away,people,hyperactive,
49.208333,away,people,hyperactive,
49.250000,away,people,hyperactive,
49.291667,away,people,hyperactive,
49.333333,away,people,hyperactive,
49.375000,away,people,hyperactive,
49.416667,away,people,hyperactive,
49.458333,away,people,hyperactive,
49.500000,away,people,hyperactive,
49.541667,away,people,hyperactive,
49.583333,away,people,hyperactive,
49.625000,away,people,hyperactive,
49.666667,away,people,hyperactive,
49.708333,away,people,hyperactive,
49.750000,away,people,hyperactive,
49.791667,away,people,hyperactive,
49.833333,away,people,hyperactive,
49.875000,away,people,hyperactive,
49.916667,away,people,hyperactive,
49.958333,away,people,hyperactive,
50.000000,away,people,hyperactive,
50.041667,away,people,hyperactive,
50.083333,away,people,hyperactive,
50.125000,away,people,hyperactive,
50.166667,away,people,hyperactive,
50.208333,away,people,hyperactive,
50.250000,away,people,hyperactive,
50.291667,away,people,hyperactive,
50.333333,away,people,hyperactive,
50.375000,away,people,hyperactive,
50.416667,away,people,hyperactive,
50.458333,away,people,hyperactive,
50.500000,away,people,hyperactive,
50.541667,away,people,hyperactive,
50.583333,away,people,hyperactive,
50.625000,away,people,hyperactive,
50.666667,away,people,hyperactive,
50.708333,away,people,hyperactive,
50.750000,away,people,hyperactive,
50.791667,away,people,hyperactive,
50.833333,away,people,hyperactive,
50.875000,away,people,hyperactive,
50.916667,away,people,hyperactive,
50.958333,away,people,hyperactive,
51.000000,away,people,hyperactive,
51.041667,away,people,hyperactive,
51.083333,away,people,hyperactive,
51.125000,away,people,hyperactive,
51.166667,away,people,hyperactive,
51.208333,away,people,hyperactive,
51.250000,away,people,hyperactive,
51.291667,away,people,hyperactive,
51.333333,away,people,hyperactive,
51.375000,away,people,hyperactive,
51.416667,away,people,hyperactive,
51.458333,away,people,hyperactive,
51.500000,away,people,hyperactive,
51.541667,away,people,hyperactive,
51.583333,away,people,hyperactive,
51.625000,away,people,hyperactive,
51.666667,away,people,hyperactive,
51.708333,away,people,hyperactive,
51.750000,away,people,hyperactive,
51.791667,away,people,hyperactive,
51.833333,away,people,hyperactive,
51.875000,away,people,hyperactive,
51.916667,away,people,hyperactive,
51.958333,away,people,hyperactive,
52.000000,away,people,hyperactive,
52.041667,away,people,hyperactive,
52.083333,away,people,hyperactive,
52.125000,away,people,hyperactive,
52.166667,away,people,hyperactive,
52.208333,away,people,hyperactive,
52.250000,away,people,hyperactive,
52.291667,away,people,hyperactive,
52.333333,away,people,hyperactive,
52.375000,away,people,hyperactive,
52.416667,away,people,hyperactive,
52.458333,away,people,hyperactive,
52.500000,away,people,hyperactive,
52.541667,away,people,hyperactive,
52.583333,away,people,hyperactive,
52.625000,away,people,hyperactive,
52.666667,away,people,hyperactive,
52.708333,away,people,hyperactive,
52.750000,away,people,hyperactive,
52.791667,away,people,hyperactive,
52.833333,away,people,hyperactive,
52.875000,away,people,hyperactive,
52.916667,away,people,hyperactive,
52.958333,away,people,hyperactive,
53.000000,away,people,hyperactive,
53.041667,away,people,hyperactive,
53.083333,away,people,hyperactive,
53.125000,away,people,hyperactive,
53.166667,away,people,hyperactive,
53.208333,away,people,hyperactive,
53.250000,away,people,hyperactive,
53.291667,away,people,hyperactive,
53.333333,away,people,hyperactive,
53.375000,away,people,hyperactive,
53.416667,away,people,hyperactive,
53.458333,away,people,hyperactive,
53.500000,away,people,hyperactive,
53.541667,away,people,hyperactive,
53.583333,away,people,hyperactive,
53.625000,away,people,hyperactive,
53.666667,away,people,hyperactive,
53.708333,away,people,hyperactive,
53.750000,away,people,hyperactive,
53.791667,away,people,hyperactive,
53.833333,away,people,hyperactive,
53.875000,away,people,hyperactive,
53.916667,away,people,hyperactive,
53.958333,away,people,hyperactive,
54.000000,away,people,hyperactive,
54.041667,away,people,hyperactive,
54.083333,away,people,hyperactive,
54.125000,away,people,hyperactive,
54.166667,away,people,hyperactive,
54.208333,away,people,hyperactive,
54.250000,away,people,hyperactive,
54.291667,away,people,hyperactive,
54.333333,away,people,hyperactive,
54.375000,away,people,hyperactive,
54.416667,away,people,hyperactive,
54.458333,away,people,hyperactive,
54.500000,away,people,hyperactive,
54.541667,away,people,hyperactive,
54.583333,away,people,hyperactive,
54.625000,away,people,hyperactive,
54.666667,away,people,hyperactive,
54.708333,away,people,hyperactive,
54.750000,away,people,hyperactive,
54.791667,away,people,hyperactive,
54.833333,away,people,hyperactive,
54.875000,away,people,hyperactive,
54.916667,away,people,hyperactive,
54.958333,away,people,hyperactive,
55.000000,away,people,hyperactive,
55.041667,away,people,hyperactive,
55.083333,away,people,hyperactive,
55.125000,away,people,hyperactive,
55.166667,away,people,hyperactive,
55.208333,away,people,hyperactive,
55.250000,away,people,hyperactive,
55.291667,away,people,hyperactive,
55.333333,away,people,hyperactive,
55.375000,away,people,hyperactive,
55.416667,away,people,hyperactive,
55.458333,away,people,hyperactive,
55.500000,away,people,hyperactive,
55.541667,away,people,hyperactive,
55.583333,away,people,hyperactive,
55.625000,away,people,hyperactive,
55.666667,away,people,hyperactive,
55.708333,away,people,hyperactive,
55.750000,away,people,hyperactive,
55.791667,away,people,hyperactive,
55.833333,away,people,hyperactive,
55.875000,away,people,hyperactive,
55.916667,away,people,hyperactive,
55.958333,away,people,hyperactive,
56.000000,away,people,hyperactive,
56.041667,away,people,hyperactive,
56.083333,away,people,hyperactive,
56.125000,away,people,hyperactive,
56.166667,away,people,hyperactive,
56.208333,away,people,hyperactive,
56.250000,away,people,hyperactive,
56.291667,away,people,hyperactive,
56.333333,away,people,hyperactive,
56.375000,away,people,hyperactive,
56.416667,away,people,hyperactive,
56.458333,away,people,hyperactive,
56.500000,away,people,hyperactive,
56.541667,away,people,hyperactive,
56.583333,away,people,hyperactive,
56.625000,away,people,hyperactive,
56.666667,away,people,hyperactive,
56.708333,away,people,hyperactive,
56.750000,away,people,hyperactive,
56.791667,away,people,hyperactive,
56.833333,away,people,hyperactive,
56.875000,away,people,hyperactive,
56.916667,away,people,hyperactive,
56.958333,away,people,hyperactive,
57.000000,away,people,hyperactive,
57.041667,away,people,hyperactive,
57.083333,away,people,hyperactive,
57.125000,away,people,hyperactive,
57.166667,away,people,hyperactive,
57.208333,away,people,hyperactive,
57.250000,away,people,hyperactive,
57.291667,away,people,hyperactive,
57.333333,away,people,hyperactive,
57.375000,away,people,hyperactive,
57.416667,away,people,hyperactive,
57.458333,away,people,hyperactive,
57.500000,away,people,hyperactive,
57.541667,away,people,hyperactive,
57.583333,away,people,hyperactive,
57.625000,away,people,hyperactive,
57.666667,away,people,hyperactive,
57.708333,away,people,hyperactive,
57.750000,away,people,hyperactive,
57.791667,away,people,hyperactive,
57.833333,away,people,hyperactive,
57.875000,away,people,hyperactive,
57.916667,away,people,hyperactive,
57.958333,away,people,hyperactive,
58.000000,away,people,hyperactive,
58.041667,away,people,hyperactive,
58.083333,away,people,hyperactive,
58.125000,away,people,hyperactive,
58.166667,away,people,hyperactive,
58.208333,away,people,hyperactive,
58.250000,away,people,hyperactive,
58.291667,away,people,hyperactive,
58.333333,away,people,hyperactive,
58.375000,away,people,hyperactive,
58.416667,away,people,hyperactive,
58.458333,away,people,hyperactive,
58.500000,away,people,hyperactive,
58.541667,away,people,hyperactive,
58.583333,away,people,hyperactive,
58.625000,away,people,hyperactive,
58.666667,away,people,hyperactive,
58.708333,away,people,hyperactive,
58.750000,away,people,hyperactive,
58.791667,away,people,hyperactive,
58.833333,away,people,hyperactive,
58.875000,away,people,hyperactive,
58.916667,away,people,hyperactive,
58.958333,away,people,hyperactive,
59.000000,away,people,hyperactive,
59.041667,away,people,hyperactive,
59.083333,away,people,hyperactive,
59.125000,away,people,hyperactive,
59.166667,away,people,hyperactive,
59.208333,away,people,hyperactive,
59.250000,away,people,hyperactive,
59.291667,away,people,hyperactive,
59.333333,away,people,hyperactive,
59.375000,away,people,hyperactive,
59.416667,away,people,hyperactive,
59.458333,away,people,hyperactive,
59.500000,away,people,hyperactive,
59.541667,away,people,hyperactive,
59.583333,away,people,hyperactive,
59.625000,away,people,hyperactive,
59.666667,away,people,hyperactive,
59.708333,away,people,hyperactive,
59.750000,away,people,hyperactive,
59.791667,away,people,hyperactive,
59.833333,away,people,hyperactive,
59.875000,away,people,hyperactive,
59.916667,away,people,hyperactive,
59.958333,away,people,hyperactive,
60.000000,away,people,hyperactive,
60.041667,away,people,hyperactive,
60.083333,away,people,hyperactive,
60.125000,away,people,hyperactive,
60.166667,away,people,hyperactive,
60.208333,away,people,hyperactive,
60.250000,away,people,hyperactive,
60.291667,away,people,hyperactive,
60.333333,away,people,hyperactive,
60.375000,away,people,hyperactive,
60.416667,away,people,hyperactive,
60.458333,away,people,hyperactive,
60.500000,away,people,hyperactive,
60.541667,away,people,hyperactive,
60.583333,away,people,hyperactive,
60.625000,away,people,hyperactive,
60.666667,away,people,hyperactive,
60.708333,away,people,hyperactive,
60.750000,away,people,hyperactive,
60.791667,away,people,hyperactive,
60.833333,away,people,hyperactive,
60.875000,away,people,hyperactive,
60.916667,away,people,hyperactive,
60.958333,away,people,hyperactive,
61.000000,away,people,hyperactive,
61.041667,away,people,hyperactive,
61.083333,away,people,hyperactive,
61.125000,away,people,hyperactive,
61.166667,away,people,hyperactive,
61.208333,away,people,hyperactive,
61.250000,away,people,hyperactive,
61.291667,away,people,hyperactive,
61.333333,away,people,hyperactive,
61.375000,away,people,hyperactive,
61.416667,away,people,hyperactive,
61.458333,away,people,hyperactive,
61.500000,away,people,hyperactive,
61.541667,away,people,hyperactive,
61.583333,away,people,hyperactive,
61.625000,away,people,hyperactive,
61.666667,away,people,hyperactive,
61.708333,away,people,hyperactive,
61.750000,away,people,hyperactive,
61.791667,away,people,hyperactive,
61.833333,away,people,hyperactive,
61.875000,away,people,hyperactive,
61.916667,away,people,hyperactive,
61.958333,away,people,hyperactive,
62.000000,away,people,hyperactive,
62.041667,away,people,hyperactive,
62.083333,away,people,hyperactive,
62.125000,away,people,hyperactive,
62.166667,away,people,hyperactive,
62.208333,away,people,hyperactive,
62.250000,away,people,hyperactive,
62.291667,away,people,hyperactive,
62.333333,away,people,hyperactive,
62.375000,away,people,hyperactive,
62.416667,away,people,hyperactive,
62.458333,away,people,hyperactive,
62.500000,away,people,hyperactive,
62.541667,away,people,hyperactive,
62.583333,away,people,hyperactive,
62.625000,away,people,hyperactive,
62.666667,away,people,hyperactive,
62.708333,away,people,hyperactive,
62.750000,away,people,hyperactive,
62.791667,away,people,hyperactive,
62.833333,away,people,hyperactive,
62.875000,away,people,hyperactive,
62.916667,away,people,hyperactive,
62.958333,away,people,hyperactive,
63.000000,away,people,hyperactive,
63.041667,away,people,hyperactive,
63.083333,away,people,hyperactive,
63.125000,away,people,hyperactive,
63.166667,away,people,hyperactive,
63.208333,away,people,hyperactive,
63.250000,robot,people,hyperactive,
63.291667,robot,people,hyperactive,
63.333333,robot,people,hyperactive,
63.375000,robot,people,hyperactive,
63.416667,robot,people,hyperactive,
63.458333,robot,people,hyperactive,
63.500000,robot,people,hyperactive,
63.541667,robot,people,hyperactive,
63.583333,robot,people,hyperactive,
63.625000,robot,people,hyperactive,
63.666667,robot,people,hyperactive,
63.708333,robot,people,hyperactive,
63.750000,robot,people,hyperactive,
63.791667,robot,people,hyperactive,
63.833333,robot,people,hyperactive,
63.875000,robot,people,hyperactive,
63.916667,robot,people,hyperactive,
63.958333,robot,people,hyperactive,
64.000000,robot,people,hyperactive,
64.041667,robot,people,hyperactive,
64.083333,robot,people,hyperactive,
64.125000,robot,people,hyperactive,
64.166667,robot,people,hyperactive,
64.208333,robot,people,hyperactive,
64.250000,robot,people,hyperactive,
64.291667,robot,people,hyperactive,
64.333333,robot,people,hyperactive,
64.375000,robot,people,active,
64.416667,robot,people,active,
64.458333,robot,people,active,
64.500000,robot,people,active,
64.541667,robot,alone,active,
64.583333,robot,alone,active,
64.625000,robot,alone,active,
64.666667,robot,alone,active,
64.708333,robot,alone,active,
64.750000,robot,alone,active,
64.791667,robot,alone,active,
64.833333,robot,alone,active,
64.875000,robot,alone,active,
64.916667,robot,alone,active,
64.958333,robot,alone,active,
65.000000,robot,alone,active,
65.041667,robot,alone,active,
65.083333,robot,alone,active,
65.125000,robot,alone,active,
65.166667,robot,alone,active,
65.208333,robot,alone,active,
65.250000,robot,alone,active,
65.291667,robot,alone,active,
65.333333,robot,alone,active,
65.375000,robot,alone,active,
65.416667,robot,alone,active,
65.458333,robot,alone,active,
65.500000,robot,alone,active,
65.541667,robot,alone,active,
65.583333,robot,alone,active,
65.625000,robot,alone,active,
65.666667,robot,alone,active,
65.708333,robot,alone,active,
65.750000,robot,alone,active,
65.791667,robot,alone,active,
65.833333,robot,alone,active,
65.875000,robot,alone,active,
65.916667,robot,alone,active,
65.958333,robot,alone,active,
66.000000,robot,alone,active,
66.041667,robot,alone,active,
66.083333,robot,alone,active,
66.125000,robot,alone,active,
66.166667,robot,alone,active,
66.208333,robot,alone,active,
66.250000,robot,alone,active,
66.291667,robot,alone,active,
66.333333,robot,alone,active,
66.375000,robot,alone,active,
66.416667,robot,alone,active,
66.458333,robot,alone,active,
66.500000,robot,alone,active,
66.541667,robot,alone,active,
66.583333,robot,alone,active,
66.625000,robot,alone,active,
66.666667,robot,alone,active,
66.708333,robot,alone,active,
66.750000,robot,alone,active,
66.791667,robot,alone,active,
66.833333,robot,alone,active,
66.875000,robot,alone,active,
66.916667,robot,alone,active,
66.958333,robot,alone,active,
67.000000,robot,alone,active,
67.041667,robot,alone,active,
67.083333,robot,alone,active,
67.125000,robot,alone,active,
67.166667,robot,alone,active,
67.208333,robot,alone,active,
67.250000,robot,alone,active,
67.291667,robot,alone,active,
67.333333,robot,alone,active,
67.375000,robot,alone,active,
67.416667,robot,alone,active,
67.458333,robot,alone,active,
67.500000,robot,alone,active,
67.541667,robot,alone,active,
67.583333,robot,alone,active,
67.625000,robot,alone,active,
67.666667,robot,alone,active,
67.708333,robot,alone,active,
67.750000,robot,alone,active,
67.791667,robot,alone,active,
67.833333,robot,alone,active,
67.875000,robot,alone,active,
67.916667,robot,alone,active,
67.958333,robot,alone,active,
68.000000,robot,alone,active,
68.041667,robot,alone,active,
68.083333,robot,alone,active,
68.125000,robot,alone,active,
68.166667,robot,alone,active,
68.208333,robot,alone,active,
68.250000,robot,alone,active,
68.291667,robot,alone,active,
68.333333,robot,alone,active,
68.375000,robot,alone,active,
68.416667,robot,alone,active,
68.458333,robot,alone,active,
68.500000,robot,alone,active,
68.541667,robot,alone,active,
68.583333,robot,alone,active,
68.625000,robot,alone,active,
68.666667,robot,alone,active,
68.708333,robot,alone,active,
68.750000,robot,alone,active,
68.791667,robot,alone,active,
68.833333,robot,alone,active,
68.875000,robot,alone,active,
68.916667,robot,alone,active,
68.958333,robot,alone,active,
69.000000,robot,alone,active,
69.041667,robot,alone,stationary,
69.083333,robot,alone,stationary,
69.125000,robot,alone,stationary,
69.166667,robot,alone,stationary,
69.208333,robot,alone,stationary,
69.250000,robot,alone,stationary,
69.291667,robot,alone,stationary,
69.333333,robot,alone,stationary,
69.375000,robot,alone,stationary,
69.416667,robot,alone,stationary,
69.458333,robot,alone,stationary,
69.500000,robot,alone,stationary,
69.541667,robot,alone,stationary,
69.583333,robot,alone,stationary,
69.625000,robot,alone,stationary,
69.666667,robot,alone,stationary,
69.708333,robot,alone,stationary,
69.750000,robot,alone,stationary,
69.791667,robot,alone,stationary,
69.833333,robot,alone,stationary,
69.875000,robot,alone,stationary,
69.916667,robot,alone,stationary,
69.958333,robot,alone,stationary,
70.000000,robot,alone,stationary,
70.041667,robot,alone,stationary,
70.083333,robot,alone,stationary,
70.125000,robot,alone,stationary,
70.166667,robot,alone,stationary,
70.208333,robot,alone,stationary,
70.250000,robot,alone,stationary,
70.291667,robot,alone,stationary,
70.333333,robot,alone,stationary,
70.375000,robot,alone,stationary,
70.416667,robot,alone,stationary,
70.458333,robot,alone,stationary,
70.500000,robot,alone,stationary,
70.541667,robot,alone,stationary,
70.583333,robot,alone,stationary,
70.625000,robot,alone,stationary,
70.666667,robot,alone,stationary,
70.708333,robot,alone,stationary,
70.750000,robot,alone,stationary,
70.791667,robot,alone,stationary,
70.833333,robot,alone,stationary,
70.875000,robot,alone,stationary,
70.916667,robot,alone,stationary,
70.958333,robot,alone,stationary,
71.000000,robot,alone,stationary,
71.041667,robot,alone,stationary,
71.083333,robot,alone,stationary,
71.125000,robot,alone,stationary,
71.166667,robot,alone,stationary,
71.208333,robot,alone,stationary,
71.250000,robot,alone,stationary,
71.291667,robot,alone,stationary,
71.333333,robot,alone,stationary,
71.375000,robot,alone,stationary,
71.416667,robot,alone,stationary,
71.458333,robot,alone,stationary,
71.500000,robot,alone,stationary,
71.541667,robot,alone,stationary,
71.583333,robot,alone,stationary,
71.625000,robot,alone,stationary,
71.666667,robot,alone,stationary,
71.708333,robot,alone,stationary,
71.750000,robot,alone,stationary,
71.791667,robot,alone,stationary,
71.833333,robot,alone,stationary,
71.875000,robot,alone,stationary,
71.916667,robot,alone,stationary,
71.958333,robot,alone,stationary,
72.000000,robot,alone,stationary,
72.041667,robot,alone,stationary,
72.083333,robot,alone,stationary,
72.125000,robot,alone,stationary,
72.166667,robot,alone,stationary,
72.208333,robot,alone,stationary,
72.250000,robot,alone,stationary,
72.291667,robot,alone,stationary,
72.333333,robot,alone,stationary,
72.375000,robot,alone,stationary,
72.416667,robot,alone,stationary,
72.458333,robot,alone,stationary,
72.500000,robot,alone,stationary,
72.541667,robot,alone,stationary,
72.583333,robot,alone,stationary,
72.625000,robot,alone,stationary,
72.666667,robot,alone,stationary,
72.708333,robot,alone,stationary,
72.750000,robot,alone,stationary,
72.791667,robot,alone,stationary,
72.833333,robot,alone,stationary,
72.875000,robot,alone,stationary,
72.916667,robot,alone,stationary,
72.958333,robot,alone,stationary,
73.000000,robot,alone,stationary,
73.041667,robot,alone,stationary,
73.083333,robot,alone,stationary,
73.125000,robot,alone,stationary,
73.166667,robot,alone,stationary,
73.208333,robot,alone,stationary,
73.250000,robot,alone,stationary,
73.291667,robot,alone,stationary,
73.333333,robot,alone,stationary,
73.375000,robot,alone,stationary,
73.416667,robot,alone,stationary,
73.458333,robot,alone,stationary,
73.500000,robot,alone,stationary,
73.541667,robot,alone,stationary,
73.583333,robot,alone,stationary,
73.625000,robot,alone,stationary,
73.666667,robot,alone,stationary,
73.708333,robot,alone,stationary,
73.750000,robot,alone,stationary,
73.791667,robot,alone,stationary,
73.833333,robot,alone,stationary,
73.875000,robot,alone,stationary,
73.916667,robot,alone,stationary,
73.958333,robot,alone,stationary,
74.000000,robot,alone,stationary,
74.041667,robot,alone,stationary,
74.083333,robot,alone,stationary,
74.125000,robot,alone,stationary,
74.166667,robot,alone,stationary,
74.208333,robot,alone,stationary,
74.250000,robot,alone,stationary,
74.291667,robot,alone,stationary,
74.333333,away,alone,active,
74.375000,away,alone,active,
74.416667,away,alone,active,
74.458333,away,alone,active,
74.500000,away,alone,active,
74.541667,away,alone,active,
74.583333,away,alone,active,
74.625000,away,alone,active,
74.666667,away,alone,active,
74.708333,away,alone,active,
74.750000,away,alone,active,
74.791667,away,alone,active,
74.833333,away,alone,active,
74.875000,away,alone,active,
74.916667,away,alone,active,
74.958333,away,alone,active,
75.000000,away,alone,active,
75.041667,away,alone,active,
75.083333,away,alone,active,
75.125000,away,alone,active,
75.166667,away,alone,active,
75.208333,away,alone,active,
75.250000,away,alone,active,
75.291667,away,alone,active,
75.333333,away,alone,active,
75.375000,away,alone,active,
75.416667,away,alone,active,
75.458333,away,alone,active,
75.500000,away,alone,active,
75.541667,away,alone,active,
75.583333,tablet,alone,active,
75.625000,tablet,alone,active,
75.666667,tablet,alone,active,
75.708333,tablet,alone,active,
75.750000,tablet,alone,active,
75.791667,tablet,alone,active,
75.833333,tablet,alone,active,
75.875000,tablet,alone,active,
75.916667,tablet,alone,active,
75.958333,tablet,alone,active,
76.000000,tablet,alone,active,
76.041667,tablet,alone,active,
76.083333,tablet,alone,active,
76.125000,tablet,alone,active,
76.166667,tablet,alone,active,
76.208333,tablet,alone,active,
76.250000,tablet,alone,active,
76.291667,tablet,alone,active,
76.333333,tablet,alone,active,
76.375000,tablet,alone,active,
76.416667,tablet,alone,active,
76.458333,tablet,alone,active,
76.500000,tablet,alone,active,
76.541667,tablet,alone,active,
76.583333,tablet,alone,active,
76.625000,robot,alone,active,
76.666667,robot,alone,active,
76.708333,robot,alone,active,
76.750000,robot,alone,active,
76.791667,robot,alone,active,
76.833333,robot,alone,active,
76.875000,robot,alone,active,
76.916667,robot,alone,active,
76.958333,robot,alone,active,
77.000000,robot,alone,active,
77.041667,robot,alone,active,
77.083333,robot,alone,active,
77.125000,robot,alone,active,
77.166667,away,alone,active,
77.208333,away,alone,active,
77.250000,away,alone,active,
77.291667,away,alone,active,
77.333333,away,alone,active,
77.375000,away,alone,active,
77.416667,away,alone,active,
77.458333,away,alone,active,
77.500000,away,alone,active,
77.541667,away,alone,active,
77.583333,away,alone,active,
77.625000,away,alone,active,
77.666667,away,alone,active,
77.708333,away,alone,active,
77.750000,away,alone,active,
77.791667,away,alone,active,
77.833333,away,alone,active,
77.875000,away,alone,active,
77.916667,away,alone,active,
77.958333,away,alone,active,
78.000000,away,alone,active,
78.041667,away,alone,active,
78.083333,away,alone,active,
78.125000,away,alone,active,
78.166667,away,alone,active,
78.208333,away,alone,active,
78.250000,away,alone,active,
78.291667,away,alone,active,
78.333333,away,alone,active,
78.375000,away,alone,active,
78.416667,away,alone,active,
78.458333,away,alone,active,
78.500000,away,alone,active,
78.541667,away,alone,active,
78.583333,away,alone,active,
78.625000,away,alone,active,
78.666667,away,alone,active,
78.708333,away,alone,active,
78.750000,away,alone,active,
78.791667,away,alone,active,
78.833333,away,alone,active,
78.875000,away,alone,active,
78.916667,away,alone,active,
78.958333,away,alone,active,
79.000000,away,alone,active,
79.041667,away,alone,active,
79.083333,away,alone,active,
79.125000,away,alone,active,
79.166667,away,alone,active,
79.208333,away,alone,active,
79.250000,away,alone,active,
79.291667,away,alone,active,
79.333333,away,alone,active,
79.375000,away,alone,active,
79.416667,away,alone,active,
79.458333,away,alone,active,
79.500000,away,alone,active,
79.541667,away,alone,active,
79.583333,away,alone,active,
79.625000,away,alone,active,
79.666667,away,alone,active,
79.708333,away,alone,active,
79.750000,away,alone,active,
79.791667,away,alone,active,
79.833333,away,alone,active,
79.875000,away,alone,active,
79.916667,away,alone,active,
79.958333,away,alone,active,
80.000000,away,alone,active,
80.041667,away,alone,active,
80.083333,away,alone,active,
80.125000,away,alone,active,
80.166667,away,alone,active,
80.208333,away,alone,active,
80.250000,away,alone,active,
80.291667,away,alone,active,
80.333333,away,alone,active,
80.375000,away,alone,active,
80.416667,away,alone,active,
80.458333,away,alone,active,
80.500000,away,alone,active,
80.541667,away,alone,active,
80.583333,away,alone,active,
80.625000,away,people,active,
80.666667,away,people,active,
80.708333,away,people,active,
80.750000,away,people,active,
80.791667,away,people,active,
80.833333,away,people,active,
80.875000,away,people,active,
80.916667,away,people,active,
80.958333,away,people,active,
81.000000,away,people,active,
81.041667,away,people,active,
81.083333,away,people,active,
81.125000,away,people,active,
81.166667,away,people,active,
81.208333,away,people,active,
81.250000,away,people,active,
81.291667,away,people,active,
81.333333,away,people,active,
81.375000,away,people,active,
81.416667,away,people,active,
81.458333,away,people,active,
81.500000,away,people,active,
81.541667,away,people,active,
81.583333,away,people,active,
81.625000,away,people,active,
81.666667,away,people,active,
81.708333,away,people,active,
81.750000,away,people,active,
81.791667,away,people,active,
81.833333,away,people,active,
81.875000,away,people,active,
81.916667,away,people,active,
81.958333,away,people,active,
82.000000,away,people,active,
82.041667,away,people,active,
82.083333,away,people,active,
82.125000,away,people,active,
82.166667,away,people,active,
82.208333,away,people,active,
82.250000,away,people,active,
82.291667,away,people,active,
82.333333,away,people,active,
82.375000,away,people,active,
82.416667,away,people,active,
82.458333,away,people,active,
82.500000,away,people,active,
82.541667,away,people,active,
82.583333,away,people,active,
82.625000,away,people,active,
82.666667,away,people,active,
82.708333,away,people,active,
82.750000,away,people,active,
82.791667,away,people,active,
82.833333,away,people,active,
82.875000,away,people,active,
82.916667,away,people,active,
82.958333,away,people,active,
83.000000,away,people,active,
83.041667,away,people,active,
83.083333,away,people,active,
83.125000,away,people,active,
83.166667,away,people,active,
83.208333,away,people,active,
83.250000,away,people,active,
83.291667,away,people,active,
83.333333,away,people,active,
83.375000,away,people,active,
83.416667,away,people,away,
83.458333,away,people,away,
83.500000,away,people,away,
83.541667,away,people,away,
83.583333,away,people,away,
83.625000,away,people,away,
83.666667,away,people,away,
83.708333,away,people,away,
83.750000,away,people,away,
83.791667,away,people,away,
83.833333,away,people,away,
83.875000,away,people,away,
83.916667,away,people,away,
83.958333,away,people,away,
84.000000,away,people,away,
84.041667,away,people,away,
84.083333,away,people,away,
84.125000,away,people,away,
84.166667,away,people,away,
84.208333,away,people,away,
84.250000,away,people,away,
84.291667,away,people,away,
84.333333,away,people,away,
84.375000,away,people,away,
84.416667,away,people,away,
84.458333,away,people,away,
84.500000,away,people,away,
84.541667,away,people,away,
84.583333,away,people,away,
84.625000,away,people,away,
84.666667,away,people,away,
84.708333,away,people,away,
84.750000,away,people,away,
84.791667,away,people,away,
84.833333,away,people,away,
84.875000,away,people,away,
84.916667,away,people,away,
84.958333,away,people,away,
85.000000,away,people,away,
85.041667,away,people,away,
85.083333,away,people,away,
85.125000,away,people,away,
85.166667,away,people,away,
85.208333,away,people,away,
85.250000,away,people,away,
85.291667,away,people,away,
85.333333,away,people,away,
85.375000,away,people,away,
85.416667,away,people,away,
85.458333,away,people,away,
85.500000,away,people,away,
85.541667,away,people,away,
85.583333,away,people,away,
85.625000,away,people,away,
85.666667,away,people,away,
85.708333,away,people,away,
85.750000,away,people,away,
85.791667,away,people,away,
85.833333,away,people,away,
85.875000,away,people,away,
85.916667,away,people,away,
85.958333,away,people,away,
86.000000,away,people,away,
86.041667,away,people,away,
86.083333,away,people,active,
86.125000,away,people,active,
86.166667,away,people,active,
86.208333,away,people,active,
86.250000,away,people,active,
86.291667,away,people,active,
86.333333,away,people,active,
86.375000,away,people,active,
86.416667,away,people,active,
86.458333,away,people,active,
86.500000,away,people,active,
86.541667,away,people,active,
86.583333,away,people,active,
86.625000,away,people,active,
86.666667,away,people,active,
86.708333,away,people,active,
86.750000,away,people,active,
86.791667,away,people,active,
86.833333,away,people,active,
86.875000,away,people,active,
86.916667,away,people,active,
86.958333,away,people,active,
87.000000,away,people,active,
87.041667,away,people,active,
87.083333,away,people,active,
87.125000,away,people,active,
87.166667,away,people,active,
87.208333,away,people,active,
87.250000,away,people,active,
87.291667,away,people,active,
87.333333,away,people,active,
87.375000,away,people,active,
87.416667,away,people,active,
87.458333,away,people,active,
87.500000,away,people,active,
87.541667,away,people,active,
87.583333,away,people,active,
87.625000,away,people,active,
87.666667,away,people,active,
87.708333,away,people,active,
87.750000,away,people,active,
87.791667,away,people,active,
87.833333,away,people,active,
87.875000,away,people,active,
87.916667,away,people,active,
87.958333,away,people,active,
88.000000,away,people,active,
88.041667,away,people,active,
88.083333,away,people,active,
88.125000,away,people,active,
88.166667,away,people,active,
88.208333,away,people,active,
88.250000,away,people,active,
88.291667,away,people,active,
88.333333,away,people,active,
88.375000,away,people,active,
88.416667,away,people,active,
88.458333,away,people,active,
88.500000,away,people,active,
88.541667,away,people,active,
88.583333,away,people,active,
88.625000,away,people,active,
88.666667,away,people,active,
88.708333,away,people,active,
88.750000,away,people,active,
88.791667,away,people,active,
88.833333,away,people,active,
88.875000,away,people,active,
88.916667,away,people,active,
88.958333,away,people,active,
89.000000,away,people,active,
89.041667,away,people,active,
89.083333,away,people,active,
89.125000,away,people,active,
89.166667,away,people,active,
89.208333,robot,people,active,
89.250000,robot,people,active,
89.291667,robot,people,active,
89.333333,robot,people,active,
89.375000,robot,people,active,
89.416667,robot,people,active,
89.458333,robot,people,active,
89.500000,robot,people,active,
89.541667,robot,people,active,
89.583333,robot,people,active,
89.625000,robot,people,active,
89.666667,robot,people,active,
89.708333,robot,people,active,
89.750000,robot,people,active,
89.791667,robot,people,active,
89.833333,robot,people,active,
89.875000,robot,people,active,
89.916667,robot,people,active,
89.958333,robot,people,active,
90.000000,robot,people,active,
90.041667,robot,people,active,
90.083333,robot,people,active,
90.125000,robot,people,active,
90.166667,robot,people,active,
90.208333,robot,people,active,
90.250000,robot,people,active,
90.291667,robot,people,active,
90.333333,robot,people,active,
90.375000,robot,people,active,
90.416667,robot,people,active,
90.458333,robot,people,active,
90.500000,robot,people,active,
90.541667,robot,people,active,
90.583333,robot,people,active,
90.625000,robot,people,active,
90.666667,robot,people,active,
90.708333,robot,people,active,
90.750000,robot,people,active,
90.791667,robot,people,active,
90.833333,robot,people,active,
90.875000,robot,people,active,
90.916667,robot,people,active,
90.958333,robot,people,active,
91.000000,robot,people,active,
91.041667,robot,people,active,
91.083333,robot,people,active,
91.125000,robot,people,active,
91.166667,robot,people,active,
91.208333,robot,people,active,
91.250000,robot,people,active,
91.291667,robot,people,active,
91.333333,robot,people,active,
91.375000,robot,people,active,
91.416667,robot,people,active,
91.458333,robot,people,active,
91.500000,robot,people,active,
91.541667,robot,people,active,
91.583333,robot,people,active,
91.625000,robot,people,active,
91.666667,robot,people,active,
91.708333,robot,people,active,
91.750000,robot,people,active,
91.791667,robot,people,active,
91.833333,robot,people,active,
91.875000,robot,people,active,
91.916667,robot,people,active,
91.958333,robot,people,active,
92.000000,robot,people,active,
92.041667,robot,people,active,
92.083333,robot,people,active,
92.125000,robot,people,active,
92.166667,robot,people,active,
92.208333,robot,people,active,
92.250000,robot,people,active,
92.291667,robot,people,active,
92.333333,robot,people,active,
92.375000,robot,people,active,
92.416667,robot,people,active,
92.458333,robot,people,active,
92.500000,robot,people,active,
92.541667,robot,people,active,
92.583333,robot,people,active,
92.625000,robot,people,active,
92.666667,robot,people,active,
92.708333,robot,people,active,
92.750000,robot,people,active,
92.791667,robot,people,active,
92.833333,robot,people,active,
92.875000,robot,people,active,
92.916667,robot,people,active,
92.958333,robot,people,active,
93.000000,robot,people,active,
93.041667,robot,people,active,
93.083333,robot,people,active,
93.125000,robot,people,active,
93.166667,robot,people,active,
93.208333,robot,people,active,
93.250000,robot,people,active,
93.291667,robot,people,active,
93.333333,robot,people,active,
93.375000,robot,people,active,
93.416667,robot,people,active,
93.458333,robot,people,active,
93.500000,robot,people,active,
93.541667,robot,people,active,
93.583333,robot,people,active,
93.625000,robot,people,active,
93.666667,robot,people,active,
93.708333,robot,people,active,
93.750000,robot,people,active,
93.791667,robot,people,active,
93.833333,robot,people,active,
93.875000,robot,people,active,
93.916667,robot,people,active,
93.958333,robot,people,active,
94.000000,robot,people,active,
94.041667,robot,people,active,
94.083333,robot,people,active,
94.125000,robot,people,active,
94.166667,robot,people,active,
94.208333,robot,people,active,
94.250000,robot,people,active,
94.291667,robot,people,active,
94.333333,robot,people,active,
94.375000,robot,people,active,
94.416667,robot,people,active,
94.458333,robot,people,active,
94.500000,robot,people,active,
94.541667,robot,people,active,
94.583333,robot,people,active,
94.625000,robot,people,active,
94.666667,robot,people,active,
94.708333,robot,people,active,
94.750000,robot,people,active,
94.791667,away,people,active,
94.833333,away,people,active,
94.875000,away,people,active,
94.916667,away,people,active,
94.958333,away,people,active,
95.000000,away,people,active,
95.041667,away,people,active,
95.083333,away,people,active,
95.125000,away,people,active,
95.166667,away,people,active,
95.208333,away,people,active,
95.250000,away,people,active,
95.291667,away,people,active,
95.333333,away,people,active,
95.375000,away,people,active,
95.416667,away,people,active,
95.458333,away,people,active,
95.500000,away,people,active,
95.541667,away,people,active,
95.583333,away,people,active,
95.625000,away,people,active,
95.666667,away,people,active,
95.708333,away,people,active,
95.750000,away,people,active,
95.791667,away,people,active,
95.833333,away,people,active,
95.875000,away,people,active,
95.916667,away,people,active,
95.958333,away,people,active,
96.000000,away,people,active,
96.041667,away,people,active,
96.083333,away,people,active,
96.125000,away,people,active,
96.166667,away,people,active,
96.208333,away,people,active,
96.250000,away,people,active,
96.291667,away,people,active,
96.333333,away,people,active,
96.375000,away,people,active,
96.416667,away,people,active,
